<?xml version="1.0" encoding="UTF-8"?>
<!DOCTYPE mapper PUBLIC "-//mybatis.org//DTD Mapper 3.0//EN"
        "http://mybatis.org/dtd/mybatis-3-mapper.dtd">

<mapper namespace="com.cloud.payment.dao.PaymentDao">

    <resultMap id="BaseQueryMap" type="com.cloud.common.entities.Payment">
        <id column="id" property="id"></id>
        <id column="m_serial" property="mSerial"></id>
    </resultMap>
    <select id="queryById" resultType="com.cloud.common.entities.Payment" resultMap="BaseQueryMap">
        select * from payment where id = #{id}
    </select>

    <insert id="save" useGeneratedKeys="true">
        insert into payment(m_serial) values(#{mSerial})
    </insert>

</mapper>